Glassdoor Review Page,count
https://www.glassdoor.com/Reviews/Accenture-Reviews-E4138.htm,10577
https://www.glassdoor.com/Reviews/ADP-Reviews-E64.htm,15673
https://www.glassdoor.com/Reviews/Amazon-Reviews-E6036.htm,110357
https://www.glassdoor.com/Reviews/American-Express-Reviews-E35.htm,12513
https://www.glassdoor.com/Reviews/Apple-Reviews-E1138.htm,27517
https://www.glassdoor.com/Reviews/AT-and-T-Reviews-E613.htm,31807
https://www.glassdoor.com/Reviews/Bank-of-America-Reviews-E8874.htm,33145
https://www.glassdoor.com/Reviews/Best-Buy-Reviews-E97.htm,31945
https://www.glassdoor.com/Reviews/Boeing-Reviews-E102.htm,12600
https://www.glassdoor.com/Reviews/Capital-One-Reviews-E3736.htm,12450
https://www.glassdoor.com/Reviews/Chipotle-Reviews-E15228.htm,14383
https://www.glassdoor.com/Reviews/Cisco-Systems-Reviews-E1425.htm,25432
https://www.glassdoor.com/Reviews/Citi-Reviews-E8843.htm,25198
https://www.glassdoor.com/Reviews/Cognizant-Technology-Solutions-Reviews-E8014.htm,77336
https://www.glassdoor.com/Reviews/Comcast-Reviews-E1280.htm,13659
https://www.glassdoor.com/Reviews/Costco-Wholesale-Reviews-E2590.htm,12823
https://www.glassdoor.com/Reviews/CVS-Health-Reviews-E437.htm,31030
https://www.glassdoor.com/Reviews/Domino-s-Reviews-E2770.htm,12780
https://www.glassdoor.com/Reviews/GE-Reviews-E277.htm,12866
https://www.glassdoor.com/Reviews/Goldman-Sachs-Reviews-E2800.htm,12199
https://www.glassdoor.com/Reviews/Google-Reviews-E9079.htm,25789
https://www.glassdoor.com/Reviews/Hewlett-Packard-Enterprise-HPE-Reviews-E1093046.htm,13291
https://www.glassdoor.com/Reviews/Honeywell-Reviews-E28.htm,15960
https://www.glassdoor.com/Reviews/Intel-Corporation-Reviews-E1519.htm,20931
https://www.glassdoor.com/Reviews/JPMorgan-Chase-and-Co-Reviews-E5224839.htm,17467
https://www.glassdoor.com/Reviews/Kohl-s-Reviews-E592.htm,16122
https://www.glassdoor.com/Reviews/Kroger-Reviews-E386.htm,18124
https://www.glassdoor.com/Reviews/Lowe-s-Home-Improvement-Reviews-E415.htm,35018
https://www.glassdoor.com/Reviews/Macy-s-Reviews-E1079.htm,25931
https://www.glassdoor.com/Reviews/Marriott-International-Reviews-E7790.htm,12816
https://www.glassdoor.com/Reviews/McDonald-s-Reviews-E432.htm,83004
https://www.glassdoor.com/Reviews/Microsoft-Reviews-E1651.htm,35207
https://www.glassdoor.com/Reviews/Morgan-Stanley-Reviews-E2282.htm,12896
https://www.glassdoor.com/Reviews/Nordstrom-Reviews-E1704.htm,20216
https://www.glassdoor.com/Reviews/Oracle-Reviews-E1737.htm,41366
https://www.glassdoor.com/Reviews/Panera-Bread-Reviews-E1493.htm,12729
https://www.glassdoor.com/Reviews/PepsiCo-Reviews-E522.htm,11189
https://www.glassdoor.com/Reviews/Salesforce-Reviews-E11159.htm,12566
https://www.glassdoor.com/Reviews/Staples-Reviews-E1909.htm,10836
https://www.glassdoor.com/Reviews/Starbucks-Reviews-E2202.htm,53345
https://www.glassdoor.com/Reviews/Target-Reviews-E194.htm,66799
https://www.glassdoor.com/Reviews/Tesco-Reviews-E10250.htm,20082
https://www.glassdoor.com/Reviews/The-Home-Depot-Reviews-E655.htm,40510
https://www.glassdoor.com/Reviews/UnitedHealth-Group-Reviews-E1991.htm,12987
https://www.glassdoor.com/Reviews/UPS-Reviews-E3012.htm,26829
https://www.glassdoor.com/Reviews/Verizon-Reviews-E89.htm,28820
https://www.glassdoor.com/Reviews/Walmart-Reviews-E715.htm,98103
https://www.glassdoor.com/Reviews/Wells-Fargo-Reviews-E8876.htm,39840
https://www.glassdoor.com/Reviews/Whole-Foods-Market-Reviews-E422.htm,16077
